{"corresponding_recall_at_5":0,"weight_rating":0.9469959368498698,"_timestamp":1.782347038130763e+09,"trial_number":49,"_runtime":4,"_step":50,"_wandb":{"runtime":4},"weight_discount":0.6867242602489325,"recall_at_5":0,"weight_text":0.32628575729322584,"precision_at_5":0,"best_precision_at_5":0}