{"trial_number":49,"best_precision_at_5":0.8240000000000002,"_wandb":{"runtime":9},"_step":50,"_timestamp":1.782456719484446e+09,"recall_at_5":0.11593155768392302,"precision_at_5":0.4,"corresponding_recall_at_5":0.2818564327860253,"weight_discount":0.6307428015718337,"_runtime":9,"weight_sim":0.953483826822627,"weight_rating":0.07512654444599542}