{"weight_text":0.8008118467970334,"precision_at_5":0.996,"weight_rating":0.596211007891816,"_wandb":{"runtime":4},"trial_number":9,"weight_discount":0.7144761275813202,"_timestamp":1.7823450417811918e+09,"_runtime":4,"_step":9,"recall_at_5":0.012880887000743144}