{"trial_number":49,"best_precision_at_5":0,"_wandb":{"runtime":4},"_timestamp":1.7823470952051892e+09,"weight_discount":0.6472650827887428,"_runtime":4,"_step":50,"weight_text":0.7335376065111334,"recall_at_5":0,"corresponding_recall_at_5":0,"precision_at_5":0,"weight_rating":0.7938726272645447}