{"recall_at_5":0,"weight_rating":0.7633663751660704,"corresponding_recall_at_5":0,"_wandb":{"runtime":4},"precision_at_5":0,"_timestamp":1.7823470739931111e+09,"_runtime":4,"trial_number":49,"best_precision_at_5":0,"weight_discount":0.7512701025440754,"weight_text":0.16226106829840542,"_step":50}