{"corresponding_recall_at_5":0.31971193759778155,"precision_at_5":0.264,"best_precision_at_5":0.7440000000000001,"_wandb":{"runtime":9},"weight_discount":0.5878478863286074,"recall_at_5":0.06681363401658592,"weight_rating":0.012901036829983364,"weight_sim":0.8408463044193987,"_step":50,"_timestamp":1.782454901303954e+09,"_runtime":9,"trial_number":49}