{"corresponding_recall_at_5":0,"recall_at_5":0,"_timestamp":1.7824551412568572e+09,"_runtime":7,"weight_sim":0.2360161955813947,"best_precision_at_5":0,"weight_discount":0.9972983673634203,"trial_number":49,"weight_rating":0.5973065907927656,"_wandb":{"runtime":7},"_step":50,"precision_at_5":0}