{"_wandb":{"runtime":3},"_timestamp":1.782344888742031e+09,"weight_rating":0.14284719802889112,"weight_text":0.8046221989602308,"_runtime":3,"weight_discount":0.37974873148233923,"precision_at_5":[1,0.012538202096213728],"trial_number":9,"_step":9}