{"_wandb":{"runtime":9},"weight_discount":0.1285515087202625,"precision_at_5":0.7800000000000001,"_step":50,"best_precision_at_5":0.8360000000000001,"weight_sim":0.6686923013440536,"recall_at_5":0.25064362804690477,"_timestamp":1.782455976618871e+09,"trial_number":49,"weight_rating":0.08173734067750424,"corresponding_recall_at_5":0.29049664442623696,"_runtime":9}