{
    "w_sim": 0.9167412901764631,
    "w_rating": 0.06922243044220423,
    "w_discount": 0.03545908932454141
}