{"_timestamp":1.7824554522088351e+09,"trial_number":49,"best_precision_at_5":0.8280000000000001,"corresponding_recall_at_5":0.28328500421459674,"weight_discount":0.2579310854554834,"_runtime":9,"recall_at_5":0.24312947553275227,"_wandb":{"runtime":9},"_step":50,"weight_rating":0.11753709295404002,"precision_at_5":0.764,"weight_sim":0.9982505923932995}