{"trial_number":0,"weight_rating":0.0938273592973734,"recall_at_5":0.011633492428266043,"weight_text":0.9359489682217507,"weight_discount":0.4219451575872476,"_timestamp":1.782344904119773e+09,"_wandb":{"runtime":3},"_runtime":3,"precision_at_5":0.9919999999999999,"_step":0}